chr1	13240526	13240536	chr1	13247577	Deletion	chr1	13240526	13240641	chr1	13247658	13250347	7132	81
chr1	13240746	13240756	chr1	13247577	Deletion	chr1	13240746	13241300	chr1	13247658	13250347	6912	81
chr1	13240526	13240536	chr1	13248171	Deletion	chr1	13240526	13240641	chr1	13247658	13250347	7132	513
chr1	13240746	13240756	chr1	13248171	Deletion	chr1	13240746	13241300	chr1	13247658	13250347	6912	513
chr1	22407867	22407877	chr1	22244534	Insertion	chr1	22407867	22407947	chr1	22244902	22245009	162965	368
chr1	27135041	27135051	chr5	18816274	Insertion	chr1	27135041	27135164	chr5	18816178	18816311	NA	96
chr2	1437969	1437979	chr2	1431318	Deletion	chr2	1437969	1438008	chr2	1432630	1433608	5339	1312
chr2	1438822	1438832	chr2	1431318	Deletion	chr2	1438822	1438882	chr2	1432630	1433608	6192	1312
chr2	3799777	3799787	chr2	4067645	Deletion	chr2	3799777	3803531	chr2	4068336	4068713	268559	691
chr2	3800685	3800695	chr2	4067645	Deletion	chr2	3800685	3800780	chr2	4068336	4068713	267651	691
chr2	3800685	3800695	chr2	4067645	Deletion	chr2	3799777	3803531	chr2	4068336	4068713	268559	691
chr2	4059367	4059377	chr2	4067645	Deletion	chr2	4059367	4059391	chr2	4068336	4068713	8969	691
chr2	1609523	1609533	chr2	1613503	Insertion	chr2	1609523	1609602	chr2	1615277	1615327	5754	1774
chr2	1609523	1609533	chr2	1613503	Insertion	chr2	1609523	1609602	chr2	1615501	1615579	5978	1998
chr2	6132288	6132298	chr5	18816274	Insertion	chr2	6132288	6132363	chr5	18816178	18816311	NA	96
chr3	11558738	11558748	chr3	11577818	Deletion	chr3	11558738	11560666	chr3	11577531	11577660	18793	287
chr3	11560667	11560677	chr3	11577818	Deletion	chr3	11560667	11560689	chr3	11577531	11577660	16864	287
chr3	11560702	11560712	chr3	11577818	Deletion	chr3	11560702	11569513	chr3	11577531	11577660	16829	287
chr3	11570287	11570297	chr3	11577818	Deletion	chr3	11570287	11575315	chr3	11577531	11577660	7244	287
chr4	5135154	5135164	chr4	5128205	Deletion	chr4	5135154	5135490	chr4	5127101	5135152	8053	1104
chr4	5127101	5127111	chr4	5134973	Deletion	chr4	5127101	5135152	chr4	5135154	5135490	8053	181
chr4	5536231	5536241	chr4	5519564	Deletion	chr4	5536231	5536364	chr4	5520207	5536230	16024	643
chr4	8907133	8907143	chr4	8900058	Insertion	chr4	8907133	8907236	chr4	8901451	8907132	5682	1393
chr4	8907133	8907143	chr4	8900675	Insertion	chr4	8907133	8907236	chr4	8901451	8907132	5682	776
chr5	18816178	18816188	chr1	27135389	Insertion	chr5	18816178	18816311	chr1	27135041	27135164	NA	348
chr5	10106820	10106830	chr5	10117731	Deletion	chr5	10106820	10114552	chr5	10116038	10116788	9218	1693
chr5	10106820	10106830	chr5	10117731	Deletion	chr5	10106820	10114552	chr5	10117046	10117072	10226	685
chr5	10687014	10687024	chr5	10701219	Deletion	chr5	10687014	10687360	chr5	10701899	10702361	14885	680
chr5	10687014	10687024	chr5	10701219	Deletion	chr5	10687014	10687360	chr5	10702374	10702603	15360	1155
chr5	10687014	10687024	chr5	10701219	Deletion	chr5	10687014	10687360	chr5	10702604	10702947	15590	1385
chr5	10687495	10687505	chr5	10701219	Deletion	chr5	10687495	10687933	chr5	10701899	10702361	14404	680
chr5	10687495	10687505	chr5	10701219	Deletion	chr5	10687495	10687933	chr5	10702374	10702603	14879	1155
chr5	10687495	10687505	chr5	10701219	Deletion	chr5	10687495	10687933	chr5	10702604	10702947	15109	1385
chr5	10688189	10688199	chr5	10701219	Deletion	chr5	10688189	10689431	chr5	10701899	10702361	13710	680
chr5	10688189	10688199	chr5	10701219	Deletion	chr5	10688189	10689431	chr5	10702374	10702603	14185	1155
chr5	10688189	10688199	chr5	10701219	Deletion	chr5	10688189	10689431	chr5	10702604	10702947	14415	1385
chr5	10689432	10689442	chr5	10701219	Deletion	chr5	10689432	10689583	chr5	10701899	10702361	12467	680
chr5	10689432	10689442	chr5	10701219	Deletion	chr5	10689432	10689583	chr5	10702374	10702603	12942	1155
chr5	10689432	10689442	chr5	10701219	Deletion	chr5	10689432	10689583	chr5	10702604	10702947	13172	1385
chr5	13379660	13379670	chr5	13369935	Deletion	chr5	13379660	13382516	chr5	13369463	13371227	10197	472
chr5	13379660	13379670	chr5	13369935	Deletion	chr5	13379660	13382516	chr5	13371228	13371832	8432	1293
chr5	13379660	13379670	chr5	13369935	Deletion	chr5	13379660	13382516	chr5	13371833	13379652	7827	1898
chr5	13382517	13382527	chr5	13369935	Deletion	chr5	13382517	13382569	chr5	13369463	13371227	13054	472
chr5	13382517	13382527	chr5	13369935	Deletion	chr5	13382517	13382569	chr5	13371228	13371832	11289	1293
chr5	13382517	13382527	chr5	13369935	Deletion	chr5	13382517	13382569	chr5	13371833	13379652	10684	1898
